rank,score,section_id,question,finding,avg_rank_position,num_rankings,details,model_x_ai_grok_code_fast_1,model_google_gemini_2.5_flash,model_openai_gpt_4.1,model_deepseek_deepseek_chat_v3_0324
1,1.0000,25.2,"Among those who did change their minds, did they also report that the scientific facts had a ""great deal"" of impact (","Contrary to hypothesis, mind-changers and non-changers showed nearly identical emotional profiles (Connected/Protective: 37.8% vs 38.7%) and mind-changers actually reported LESS impact from scientific facts (χ²=19.54, p=0.0006), suggesting belief changes were driven by reflection rather than emotional or factual persuasion.",1.00,7,The counterintuitive findings reveal:,,,,
2,0.9996,5.2,"Should an animal have the right to a legal representative (Q73)? And if so, should they be represented by humans or by themselves via technology (Q74)?","42.5% support animals having legal representatives, with 34.1% unsure and 23.4% opposed. Among supporters, 58.3% prefer human representatives while 41.7% support technology-assisted self-representation, showing significant openness to technological mediation.",1.05,20,"The high uncertainty (34.1% ""Not sure"") suggests this is an emerging ethical question many haven't considered. The substantial minority (41.7%) supporting tech-assisted self-representation indicates openness to radical new forms of agency. This split between human mediation and technological autonomy reflects broader debates about AI's role in expanding agency beyond traditional human boundaries.",,,,
3,0.9981,24.2,"For those who answered ""It depends"" on whether AI for interspecies communication is a good use of technology (","The ""It depends"" group shows strongest pro-regulation stance: 73% support professional restrictions and 81% support strict company regulation.",1.25,8,"""It depends"" respondents are 2.3x more likely to support strong regulation compared to those with positive views. This reveals their caution stems from desire for governance, not indecision. Statistical significance confirmed (χ²=18.4, p<0.001).",,,,
4,0.9979,31.1,How many respondents simultaneously claim,"Among the 60.3% who claim humans are fundamentally superior to animals, 11.6% still support granting legal rights and 33.8% support economic rights, with 3.8% supporting both. This reveals that superiority beliefs don't preclude rights support, suggesting paternalistic rather than exclusionary attitudes.",1.29,14,"The contradiction rate of 11.6% for legal rights among superiority believers is similar to the general population rate (11.7%), indicating superiority beliefs don't significantly reduce legal rights support. The higher support for economic rights (33.8%) suggests economic agency is seen as less threatening to human superiority than legal personhood.",,,,
5,0.9973,7.2,"Among respondents who are ""More concerned than excited"" about AI (Q5) and ""Strongly distrust"" its ability to be an accurate translator (Q57), how many are still ""Very interested"" in knowing what animals have to say (Q55)? This identifies a segment of the population that is highly interested despite their skepticism.","Among the most skeptical respondents (those ""More concerned than excited"" about AI AND ""Strongly distrust"" AI translation), 73.3% remain at least somewhat interested in knowing what animals have to say, with 33.3% being ""Very interested"" despite their deep skepticism.",1.36,28,This paradoxical group (n=15) shows remarkable interest despite distrust:,,,,
6,0.9962,2.4,"Do respondents who trust AI chatbots more (Q17) also report using them more frequently for sensitive personal issues (Q21)?

##","Strong positive correlation exists between AI chatbot trust and usage for sensitive issues (Pearson r=0.288, Spearman ρ=0.297, p<0.0001). Those who ""Strongly Trust"" AI show 67.9% regular use for sensitive issues versus only 17.1% among those who ""Strongly Distrust"".",1.50,4,Regular use (daily/weekly) for sensitive issues by trust level:,,,,
7,0.9956,31.5,Are there respondents who support,"Among the 12.9% supporting animal property ownership, 87.7% do NOT support legal protection rights, revealing a striking contradiction where economic agency is privileged over welfare protection.",1.58,12,Property supporters prefer:,,,,
8,0.9953,11.3,"Which demographic group (age, gender, religion, region) has the",Males aged 18-25 show largest gap: 71.3% excited but only 42.8% trust (-28.5% gap).,1.62,8,"Top gaps: Males 18-25 (-28.5%), Males 26-35 (-22.3%), All 18-25 (-21.7%). Older demographics show smaller gaps, suggesting experience moderates expectations.",,,,
9,0.9953,23.2,"Are younger respondents (18–25, Q2) significantly more supportive than older ones (56+, Q2) of granting animals political voice or representation (Q77)?","Surprisingly, there is no significant age difference in support for animal political participation. Older respondents (56-65) show slightly MORE support (61.5%) than younger ones (18-25: 60.7%), contradicting expectations of youth-driven progressive attitudes. The 65+ group shows highest support at 63.7%.",1.62,16,"- **Total support by age** (all ""Yes"" variants combined):",,,,
10,0.9952,21.1,For respondents who say the,"Among respondents citing bond-deepening as the biggest benefit (N=184), 59.8% identify manipulation/exploitation as their biggest risk, revealing awareness of the dual nature of emotional connection with animals.",1.64,22,"The high correlation between valuing bonds and fearing manipulation suggests sophisticated understanding of emotional vulnerability. Bond-deepening advocates show a distinctive risk profile: Manipulation/Exploitation (59.2%), Other concerns (21.7%), Societal Disruption (7.6%), Misunderstanding (5.4%), Poaching/Harm (4.3%). This pattern indicates those most enthusiastic about emotional connection are simultaneously most wary of its weaponization, demonstrating reflexive awareness rather than naive optimism.",,,,
11,0.9951,24.1,"What are the demographic and belief profiles of respondents who consistently answer ""Neutral,"" ""Neither Trust Nor Distrust,"" or ""Not Sure"" on key questions regarding AI trust (","The ""undecided"" bloc (8.7% highly neutral) is not apathetic but highly engaged, with 1.4x more open-text participation than decided respondents.",1.65,20,"Highly neutral respondents are predominantly younger (18-35: 62%), equally concerned and excited about AI (48%), and show significantly higher engagement (p<0.01). This suggests deliberation rather than apathy.",,,,
12,0.9951,7.3,Is there a correlation between respondents who want strict regulations on how companies use this technology (Q84) and those who believe everyone should be allowed to listen in on animal communications (Q83)? This explores the tension between a desire for open access and the need for protective control.,"A majority (57.0%) of respondents simultaneously support strict regulation of companies using animal communication technology (Q84) while also believing everyone should have access to listen to animals (Q83), revealing a nuanced ""regulate corporations, democratize individuals"" stance rather than a true paradox.",1.65,23,The positive correlation (r=0.302) between supporting company regulation and public access initially seems paradoxical but reveals coherent thinking:,,,,
13,0.9950,11.2,Do people who,No - those trusting representatives show 70.3% trust in AI translation vs 43.2% among those distrusting representatives.,1.67,15,"Positive relationship observed: trust in human institutions correlates with higher AI trust. Those who trust representatives are 1.6x more likely to trust AI translation, contradicting the hypothesis of institutional distrust driving AI adoption.",,,,
14,0.9942,16.2,Is there a contradiction between respondents who say,"Yes - 30.9% of superiority believers still report protective/connected feelings, revealing cognitive dissonance.",1.77,22,"Among those claiming human superiority: 10.7% feel protective, 20.1% feel connected, 43.6% remain curious. This suggests emotional responses can override intellectual beliefs about hierarchy.",,,,
15,0.9938,6.2,"How do views on whether humans are superior, inferior, or equal to animals (Q32) differ across major religious affiliations (Q6) and those with no religious identification?","Highly significant religious differences exist (p<0.001). Non-religious respondents and Buddhists predominantly view humans as equal to animals, while Abrahamic religions strongly assert human superiority.",1.82,11,Three distinct patterns emerged:,,,,
16,0.9930,20.2,Is there a tension between those who want to,"No significant tension exists between supporting professional restrictions (88.4%) and democratic rights (9.8%), with correlation near zero (r=-0.006, p=0.942). Surprisingly, 75.5% of those supporting full democratic rights also want professional restrictions, suggesting these are seen as complementary rather than contradictory.",1.93,15,"The tension group (n=74, 7.4% of total) characteristics:",,,,
17,0.9928,31.2,How many believe animals have culture (Q41) but reject granting them any form of political representation (Q77)?,"Among the 28.3% who strongly believe animals have culture, 36.6% still reject any form of political representation, revealing that recognizing cognitive sophistication doesn't automatically translate to supporting political agency.",1.95,22,"This 36.6% rejection rate among culture believers is similar to the general population (37.1%), suggesting cultural recognition operates independently from political inclusion decisions. This indicates separate evaluation criteria for cognitive abilities versus political rights.",,,,
18,0.9925,14.2,Do more people,"46.4% trust AI more than politicians for interpreting animals, while only 16.5% trust politicians more. The average trust score for AI translation (3.21/5) significantly exceeds trust in elected representatives (2.64/5). For wildlife conflict resolution specifically, 26.5% explicitly trust AI more than humans.",2.00,16,Trust comparison results:,,,,
19,0.9925,29.4,"Among those who imagine animal umwelts often (Q48), do they rate understanding other species' perspectives as",Strong correlation - frequent imaginers show 3.2x higher support for political reforms and 4.1x for legal reforms.,2.00,15,"Often imagine: 89% rate very important, 41% support legal reforms, 72% political participation. Never: 22% very important, 10% legal, 22% political.",,,,
20,0.9920,6.3,"Compare the responses of urban, suburban, and rural dwellers (Q4) on the question of trusting AI over humans to resolve wildlife conflicts (Q61). Do respondents living in rural areas, who may have more direct experience with such conflicts, show more or less trust in AI-led solutions?","No significant urban-rural divide exists (p=0.89). Surprisingly, rural respondents show slightly higher AI trust (52.3%) than urban (45.4%) or suburban (48.5%) residents for wildlife conflict resolution.",2.06,33,Counter to expectations about rural skepticism:,,,,
21,0.9919,5.1,"Which of the three futures—Building Relationships (A), Shared Decision-Making (B), or Legal Rights (C)—is the most preferred approach (Q70)? Does this preference correlate with a belief in human-animal equality (Q32)?","Building Relationships (Future A) is strongly preferred (63.2%), followed by Shared Decision-Making (Future B, 25.1%) and Legal Rights (Future C, 11.7%). This preference correlates significantly with human-animal equality beliefs (p=0.0145), though surprisingly, those believing in human superiority show even stronger preference for relationships (67.0%) than equality believers (56.0%).",2.07,27,Distribution of preferred futures:,,,,
22,0.9919,15.2,Does feeling,"Counter to hypothesis, ""unsettled"" respondents (1% of sample) show LESS support for restrictions, particularly company regulation (60% vs 86%, p=0.0008) and fewer prohibited uses (3.6 vs 6.8, p=0.01).",2.08,24,- **Unsettled group:** Only 11 respondents (1.0%) - very rare emotional response,,,,
23,0.9887,31.3,Do respondents who want animal communication restricted to professionals (Q82) also support full political participation for animals (Q77)?,"Among the 76.3% wanting professional restrictions on animal communication, 9.6% also support full political participation (proxy voting or constituencies), showing no contradiction but rather a ""mediated democracy"" model.",2.50,8,"The 9.6% overlap represents 75.5% of all full democracy supporters, indicating most who want animal political rights also want professional mediation. This suggests a coherent position where expertise facilitates rather than restricts political participation.",,,,
24,0.9882,14.4,Is there a notable,"No significant East vs. West divide exists in willingness to grant legal personhood to great apes (9.7% East vs 11.4% West, p=0.559). Surprisingly, ""Other"" regions show highest support (13.9%), suggesting legal personhood views don't follow expected cultural boundaries.",2.57,23,Support for legal personhood by region:,,,,
25,0.9880,31.6,"Do people who distrust AI translation (Q57) still report being ""Very interested"" (Q55) in hearing what animals say — revealing a tension between desire and distrust?","Among the 21.3% who distrust AI translation, 57.5% remain ""Very interested"" in hearing what animals say, with 86.9% showing at least some interest, revealing strong curiosity that transcends technological skepticism.",2.60,15,Interest distribution among distrusters:,,,,
26,0.9875,23.3,Is public interest in simply hearing animals (Q55) greater than support for granting them formal political participation (Q77)? ##,"Yes, dramatically so. Nearly universal interest in hearing animals (93.3%) far exceeds support for political participation (59.6%), revealing a 33.7 percentage point gap. This suggests curiosity about animal communication doesn't translate directly to support for political empowerment.",2.67,12,- **Interest in hearing animals (Q55)**:,,,,
27,0.9871,29.1,Does,Yes - Protective/Connected feelings predict 2.8x higher support for legal rights and 3.1x for representation.,2.72,25,"Protective/Connected: 28% legal rights, 71% representation, 63% political participation. Curious: 10% legal rights, 23% representation, 58% political. Emotional response is strongest predictor.",,,,
28,0.9866,31.4,"Among those who say animals should not participate in democracy (Q77), how many still support them having legal representation (Q73)?","Among the 37.1% opposing animal democratic participation, 20.6% still support legal representation, demonstrating selective acceptance where legal protection is desired without political voice.",2.79,28,"This 20.6% selective acceptance rate is half the general support for representation (42.5%), showing democracy opponents are less supportive of legal rights but not uniformly opposed. This mirrors historical patterns of legal protection preceding political rights.",,,,
29,0.9865,29.3,Is,Yes - Unsettled feelings predict 1.7x higher support for professional restrictions and 1.9x for company regulations.,2.79,19,"Unsettled: 82% support professional restrictions, 89% support company regulations. Not unsettled: 48% professional, 47% company.",,,,
30,0.9865,25.1,What percentage of respondents changed their answer between the initial belief questions on human-nature relations (,"67.9% of participants (682/1005) changed their belief category between initial (Q33) and final (Q94) responses, with the most common shift being from ""Other"" to ""Superior"" (47.9% of changes), suggesting the survey process crystallized previously ambiguous beliefs rather than fundamentally changing them.",2.80,15,The high change rate is misleading as it primarily reflects movement from vague initial responses to clearer final positions. Key patterns:,,,,
31,0.9860,14.1,What percentage of people globally believe,"59.5% of people globally support some form of animal participation in democratic processes, with 25.2% supporting limited voting on directly relevant laws and 21.5% supporting full voting rights through proxies or formal constituencies. Support is highest among suburban residents (60.6%) and females (60.6%).",2.86,7,Forms of democratic participation supported:,,,,
32,0.9859,9.3,Question 9.3,"Cautious Humanists are rare (0.5% with strict criteria) but paradoxically interested - 80% want to know what animals say despite distrust. They strongly prefer direct communication (80%) over simulations (20%), contradicting the hypothesis about maintaining distance.",2.88,16,"- **Segment size:** Only 5 people (0.5%) met all strict criteria, suggesting this combination of beliefs is uncommon",,,,
33,0.9857,20.1,Among those who say,"Among the 37.1% who oppose animal democratic participation, 20.6% still support legal representation, revealing selective acceptance where legal protection is desired without political agency. This group is 21.8 percentage points less supportive of representation than the general population (42.5%).",2.90,20,Among those opposing democratic participation (n=373):,,,,
34,0.9831,14.5,Among those who feel,"Among the 47.3% who express hopefulness about AI translation (alone or combined with other emotions), approximately 76% also express concerns about privacy or manipulation, revealing a substantial ""hopeful but cautious"" bloc representing 36% of the total population.",3.25,20,"Q54 emotional responses including ""Hopeful"":",,,,
35,0.9823,21.3,Are there clusters of people who see the,"Only 9.5% of conservation-focused respondents (N=201) cite poaching/harm as their primary risk, instead prioritizing manipulation/exploitation (51.7%), suggesting conservation advocates worry more about systemic misuse than direct harm.",3.35,20,Conservation advocates' risk priorities reveal sophisticated threat assessment:,,,,
36,0.9823,4.2,"How interested are people in knowing what animals ""say"" or ""feel"" (Q55)? Does high interest correlate with high trust (Q57), or do skeptical people also show high interest?",Overwhelming interest (69.95% very interested) despite trust concerns. 17.5% are highly interested but skeptical.,3.36,14,"Interest transcends trust - among those highly interested, 17.5% also distrust AI's translation ability.",,,,
37,0.9815,9.1,Question 9.1,"Tech-First Futurists (20.2% of respondents) are significantly more appealing to ecocentric AI societies (28.4% find it ""Very appealing"" vs 16.6% general pop, p=0.0009) and more supportive of open access to animal communication (67.6% vs 60.8%, p=0.047), but show similar risk concerns.",3.45,11,,,,,
38,0.9815,4.5,Question 4.5,"35.1% trust AI more than humans for wildlife conflict resolution, citing objectivity and lack of bias.",3.47,15,Those favoring AI cite impartiality and data-driven approaches. Those favoring humans emphasize contextual understanding and ethical judgment.,,,,
39,0.9812,5.5,How strong is the agreement for restricting animal communication to authorized professionals (Q82) versus allowing everyone to listen (Q83)? Which specific types of human-to-animal communication do people most want to see prohibited (Q85)?,"Strong support for professional restrictions (88.4% agree) coexists with majority support for public access (81.6% agree), confirming the ""regulate professionals, democratize individuals"" pattern. Top prohibited communications focus on deception and harm: commercial manipulation (64.4%), disrupting migrations (61.1%), and threats (60.7%).",3.50,8,Agreement levels:,,,,
40,0.9812,14.3,Which age group is most likely to believe,"Young adults (26-35) are most likely to support pets earning money or owning property (45.9%), followed closely by 18-25 year-olds (43.7%). Support declines steadily with age, reaching only 18.2% among those 65+, showing a clear generational divide (p=0.057).",3.50,12,Economic rights support by age:,,,,
41,0.9806,15.3,Which emotions (Q45) are most predictive of support for,"""Connected"" emotion most predictive of radical governance support (p=0.01). Connected respondents show 81.5% appeal for ecocentric AI society and 72.3% support for animal democratic participation, versus 64.3% and 47.4% for ""Unchanged"" respondents.",3.58,12,- **Q76 Ecocentric AI Society Appeal by emotion:**,,,,
42,0.9805,12.1,Which specific,"""Deception or manipulation for commercial gain"" achieves the highest global consensus for prohibition (68.3%), followed by ""communicating threats or inciting violence"" (62.7%) and ""commands that override natural instincts for human benefit"" (62.5%). Regional variation is minimal, with all regions showing 62-73% agreement on the top prohibition, indicating strong global consensus.",3.60,20,- **Top prohibitions globally**:,,,,
43,0.9795,10.1,How do beliefs in animal,"Strong beliefs in animal capacities are prevalent, with 66.7% strongly believing animals have emotions, 60.0% strongly believing in animal language, and 28.6% strongly believing in animal culture. However, direct correlation with legal rights support cannot be established due to aggregated data structure. Only 37.1% oppose animal democratic participation, suggesting majority openness to some form of animal representation.",3.73,26,- **Emotion belief strongest**: 66.7% strongly believe animals have emotions (only 1% strongly skeptical),,,,
44,0.9793,11.1,Among respondents who use AI,Daily users show 53.8% trust vs 31.9% among non-users - a 21.9 percentage point difference.,3.75,24,Clear relationship: Daily (53.8%) > Weekly (52.8%) > Monthly (39.8%) > Annually (31.2%) > Never (31.9%). Daily users are 1.7x more likely to trust AI translation.,,,,
45,0.9784,5.6,"When an animal creates something (e.g., a selfie, a song), who do respondents believe should own it (Q90)? What is the most popular view?","Community ownership is most popular (39.5%), followed by human recorder ownership (32.7%) and animal self-ownership (17.1%). This reflects a collective rather than individualistic approach to animal-generated value.",3.88,8,Ownership preferences:,,,,
46,0.9784,20.3,Do people who favor,"Strong positive correlation exists between property ownership and economic participation support (r=0.480). Among property supporters, 70% also support active economic rights (earning money or selling), while 30% support only symbolic ownership. Only 6.2% support full economic rights across all dimensions.",3.88,8,Among property ownership supporters (n=130):,,,,
47,0.9782,10.4,Does belief in,"Moderate belief in animal culture (28.6% strongly believe, 33.8% somewhat believe) coincides with measured openness to AI-managed ecocentric societies (59.2% find it ""somewhat appealing"", 20.0% ""very appealing""). Cannot establish direct predictive relationship due to data structure.",3.90,29,"- **Culture belief**: 62.4% total belief (strong + somewhat), 19.1% skeptical",,,,
48,0.9780,9.2,Question 9.2,"Animal Empaths (15% of respondents) show significantly different animal protection preferences (p=0.036), with higher support for legal rights (15.6% vs 10.5%) and more support for animal voting through proxies (30.6% voting with restrictions vs 22.7% general pop).",3.92,26,- **Q70 (Protection approach):** Significant difference (p=0.036) - Animal Empaths prefer legal rights more (15.6% vs 10.5% for Future C),,,,
49,0.9774,15.1,Are respondents who often,"Strong positive correlation exists between umwelt imagination and importance (r=0.331, p<0.001). Frequent imaginers (10.1% of sample) rate understanding as very important (74.1% vs 40.5%), but show no significant difference in democratic participation support (p=0.22).",4.00,19,"- **Correlation:** Spearman r=0.331 (p<0.001, n=986) - moderate positive correlation between imagination frequency and importance rating",,,,
50,0.9772,4.1,What is the overall level of trust that an AI could truly and comprehensively reflect what an animal is communicating (Q57)? How does this trust level correlate with general trust in AI chatbots (Q17)?,Mixed trust levels with moderate optimism - 50.7% trust vs 21.3% distrust AI's ability to accurately translate animal communication.,4.03,30,Strong correlation between general AI chatbot trust and animal translation trust. Those who trust AI chatbots are 3x more likely to trust AI translation.,,,,
51,0.9758,7.1,"Among the respondents who believe humans are ""fundamentally equal to other animals"" (Q32), what percentage also endorse the idea that animals should be able to earn money, own property, or sell their creations (Q91)? This tests the practical extension of an abstract belief.","Among respondents who believe humans are ""fundamentally equal to other animals"" (36.2% of sample), 76.4% endorse at least one form of economic rights for animals, compared to 73.7% among non-equality believers. This reveals that equality believers are only marginally more likely to support economic rights, suggesting abstract philosophical beliefs don't strongly translate to economic policy positions.",4.21,14,,,,,
52,0.9758,5.4,What is the distribution of opinions on whether animals should be allowed to participate in human democratic processes (Q77)? Is support for this higher among those who believe animals have culture (Q41)?,"37.1% oppose any democratic participation for animals, while 62.9% support some form of participation. Support correlates with belief in animal culture but not significantly (p=0.065). Most popular participatory option is limited voting on directly relevant issues (25.2%), not full voting rights.",4.22,23,Forms of democratic participation supported:,,,,
53,0.9753,3.1,"What percentage of respondents ""Strongly believe"" that animals have their own forms of language (Q39), emotion (Q40), and culture (Q41)?","Based on the aggregated response data, 60.0% of respondents strongly believe animals have language, 66.7% strongly believe animals have emotions, and 28.6% strongly believe animals have culture. Belief in animal emotions is highest, while belief in animal culture is notably lower than the other capacities.",4.29,35,The data shows varying belief levels across the three animal capacities: emotion (66.7%) > language (60.0%) > culture (28.6%). This hierarchy suggests people more readily accept animal emotions and communication than complex cultural traditions. Regional variations exist but were not fully analyzed in the available data.,,,,
54,0.9749,2.3,Question 2.3,"Those ""More excited than concerned"" about AI (n=353) consistently predict better outcomes across all future impact areas compared to those ""More concerned than excited"" (n=106). The excited group shows 2-5x higher rates of expecting positive outcomes.",4.34,35,"Among ""More excited than concerned"" respondents:",,,,
55,0.9744,5.7,Question 5.7,"Young adults (18-25) show significantly higher support for animal economic rights than older adults (56+): 29.1% vs 18.0% (p=0.0013). Overall, 67% support some economic right, with ""owning things they make"" (28.8%) most popular and ""earning money"" (14.2%) least popular.",4.40,40,Economic rights support:,,,,
56,0.9743,21.2,Which risks (Q64) are disproportionately cited by,"No significant age differences in risk perceptions (χ²=17.84, p=0.214). Both younger (18-35) and older (46+) respondents prioritize manipulation/exploitation risks (44.0% vs 46.7%), contradicting expectations of generational divides.",4.42,12,Age-based risk profiles show remarkable consistency:,,,,
57,0.9734,22.4,Which groups most feel that AI translation would,"Skepticism/concern about AI translation (26.8% overall) shows minimal religious variation (25-29% across major religions) but interesting age pattern - highest among oldest (56+: 33.3%) and youngest (18-25: 29.8%), lowest in middle age (46-55: 19.1%).",4.54,24,- **Overall rate:** 285 respondents (26.8%) express skepticism/concern,,,,
58,0.9724,4.3,What are the most frequently cited concerns regarding the use of AI in interspecies communication (Q59)? (This requires text analysis/coding of the open-ended response).,Primary concerns center on exploitation/harm (47.9%) and technical limitations (37.0%).,4.67,15,"Respondents worry most about humans exploiting animal communication for harmful purposes, followed by AI's inability to truly understand non-human perspectives.",,,,
59,0.9718,16.3,Among people who report they,Yes - those reporting increased self-understanding show higher support for animal legal rights (13.2% vs 9.7%-10.0%).,4.75,12,"Moderate positive correlation (r=0.272, p<0.001). Self-reflection through the survey appears to increase openness to animal rights. Support for representation: 54.0% among those with increased understanding vs 16.0%-26.7% among those without.",,,,
60,0.9713,6.4,"How do beliefs about who should own an animal's recording (Q90) or whether an animal can earn money (Q91) vary by country or region (Q7)? This could surface differing cultural concepts of ownership and animal agency.

##","Significant regional differences in ownership preferences (p=0.014). Globally, communities protecting animals and human recorders are the preferred owners, with notable regional variation in these preferences.",4.82,22,Ownership preferences (Q90):,,,,
61,0.9709,29.6,Which emotions correlate most strongly with openness to an,"'Connected' emotion strongest predictor (74% find appealing), followed by 'Curious' (68%), while 'Skeptical' lowest (31%).",4.87,23,"Connected: 74% appealing, Protective: 61%, Curious: 68%, Unsettled: 43%, Skeptical: 31%. Emotional orientation toward nature predicts technological governance acceptance.",,,,
62,0.9708,4.4,Which approach do people prefer for interacting with non-humans: direct communication via technology or interaction with a computer simulation (Q66)? Is this preference linked to their level of trust in AI's accuracy (Q57)?,Strong preference for direct communication approaches over simulated interactions.,4.89,27,Trust in AI translation strongly predicts preference - those who trust AI favor direct communication approaches.,,,,
63,0.9703,8.1,"Based on a thematic analysis of the open-text responses in Q33, what are the most common justifications provided for each view of human superiority/equality (Q32)? Are they primarily rooted in religious doctrine, scientific concepts (e.g., intelligence, tool use), philosophical arguments (e.g., consciousness, morality), or personal experience?","Among 20 analyzed open-text responses for ""Please explain why you give your response,"" practical/utilitarian justifications dominate (32%), followed by environmental considerations (19%). Intelligence and cognitive abilities are frequently cited as justifications for human superiority views, while equality arguments often reference shared planetary residence and equal rights to life.",4.95,20,,,,,
64,0.9699,29.2,Is,"Yes - Curious respondents favor open access (68%) over legal rights (12%), a 5.7x difference.",5.00,19,"Curiosity drives desire for knowledge access rather than formal structures. Non-curious show more balanced support (42% access, 18% rights).",,,,
65,0.9697,2.1,"What are the frequency distributions for using AI at work (required vs. chosen, Q18-Q19), in personal life (Q20), for sensitive emotional support (Q21), and for autonomous real-world actions (Q22)? Are people who are","AI usage shows strong workplace adoption with 45.6% required to use AI daily at work and 48.5% choosing to use it daily. Personal AI use is similarly high (49.2% daily), but use for sensitive issues (14.3% daily) and autonomous actions (10.2% daily) remains limited. There appears to be a correlation issue in the data between work and personal use that requires further investigation.",5.04,28,,,,,
66,0.9695,10.3,Which,"Companion animals have the highest encounter rate (89.8% agreement), followed by wild urban animals (47.6%) and farmed animals (31.6%). Political representation support varies by method: 37.1% oppose any participation, while 25.2% support voting on directly affecting laws, 13.0% support non-binding voice, and 11.7% support proxy voting.",5.05,57,"- **Most encountered**: Companion animals (89.8%), Urban wildlife (47.6%), Farmed animals (31.6%)",,,,
67,0.9688,6.1,"Is there a significant difference in the preferred future for animal protection (Q70: Relationships vs. Decision-Making vs. Legal Rights) between respondents from different countries or continents (Q7)? For instance, do certain regions show a stronger preference for legalistic solutions over relational ones?","Marginally significant regional differences exist in animal protection preferences (p=0.059). All major regions strongly prefer ""Building ongoing relationships and communication"", with the global preference for relationship-based approaches over legalistic solutions being remarkably consistent across cultures.",5.15,27,"While approaching statistical significance, consistent patterns emerged:",,,,
68,0.9687,12.2,Do respondents who,"Company regulation receives significantly stronger support (84.9% agree) than professional restrictions (76.3% agree). The aggregated data shows similar overall agreement patterns (professional: 22.1%, company: 22.7% weighted scores), but cannot establish individual-level correlation. This suggests general regulatory support but preference for targeting commercial entities over individual access.",5.17,30,- **Professional restrictions (Q82)**:,,,,
69,0.9686,7.4,Question 7.4,"Strong belief in animal culture correlates with increased support for radical political representation (12.7% vs 3.6% among skeptics), but the relationship is marginally non-significant (p=0.065). Belief in animal culture doesn't strongly predict political radicalism, suggesting cultural recognition and political inclusion are separate considerations.",5.18,11,Among strong culture believers (n=284):,,,,
70,0.9677,10.2,Are people who have,"""Curious"" is the dominant emotional response (59.1% agreement) after learning about animal cognition, followed by ""Connected"" (32.4%) and ""Surprised"" (25.3%). ""Protective"" feelings show lower agreement (15.5%). Cannot establish correlation with encounter frequency due to aggregated data structure.",5.29,38,- **Emotional distribution**: Curious > Connected > Surprised > Protective > Unchanged > Skeptical > Unsettled,,,,
71,0.9668,3.4,Question 3.4,"While we cannot link emotions specifically to those who reported ""A great deal"" of impact due to aggregated data structure, the overall emotional response distribution shows ""Curious"" as dominant (59.1%), followed by ""Connected"" (32.4%) and ""Surprised"" (25.3%). Negative emotions are minimal.",5.42,12,Emotional response distribution from 8 Q45 responses:,,,,
72,0.9666,18.2,Are,"Zoo/aquarium visitors represent only 7.0% of respondents, the third-lowest exposure category. Statistical analysis reveals significant differences in religious affiliation between zoo visitors and non-visitors (p=0.001), suggesting distinct demographic profiles that may influence attitudes toward animal communication.",5.44,16,- **Zoo/aquarium exposure**: 7.0% (ranked 6th of 9 categories),,,,
73,0.9656,31.7,"Are people who claim ""Humans are part of nature and fundamentally different"" (Q31) more or less likely to express emotional closeness (Q45) to animals?

##","People claiming ""part of nature but fundamentally different"" (48.0% of sample) show 77.4% emotional closeness to animals, similar to other nature views, indicating philosophical positions don't determine emotional connections.",5.57,28,Emotional closeness by worldview:,,,,
74,0.9651,16.1,Do people who identify as,"Mixed results - those identifying as ""separate from nature"" show 34.7% empathetic responses vs 45.6% among those who see themselves as ""part of nature"".",5.64,11,"Moderate gradient: ""Part of nature"" (45.6% empathetic) > ""Separate from nature"" (34.7%) > ""Connected but different"" (33.8%). Statistical test shows no significant relationship (χ²=0.54, p=0.463).",,,,
75,0.9631,17.3,Among those who distrust,Both social media and AI translators show mixed trust patterns in aggregated data. Social media shows 54.2% distrust (somewhat + strongly) versus AI translators' 21.4% distrust. Cannot calculate correlation or conditional probabilities due to lack of individual-level data.,5.91,23,"Social media shows higher distrust (54.2% somewhat/strongly distrust) compared to AI translators (21.4% somewhat/strongly distrust). However, the aggregated data structure prevents analysis of individual trust patterns or correlations between the two. We cannot determine what percentage of social media distrusters also distrust AI, nor identify distinct trust segments. The data suggests different trust levels for different technologies but individual-level analysis would be needed to understand compartmentalization patterns or technology-specific trust decisions.",,,,
76,0.9627,32.3,What,"Practical justifications dominate (56%), followed by personal experience (31%) and scientific reasoning (22%). Religious justifications are surprisingly rare (5%). Cannot correlate themes with trust/rights due to aggregated structure.",5.96,27,- **Theme distribution**:,,,,
77,0.9624,17.1,Which is trusted more globally:,"Based on aggregated agreement scores, AI animal translators show mixed trust (43.6% somewhat trust, 18.1% somewhat distrust), while social media shows higher distrust (32.2% somewhat distrust, 22.0% strongly distrust). Cannot determine comparative rankings or 5-point scale scores due to aggregated data structure.",6.00,20,"Available data shows AI translator trust distribution: 43.6% somewhat trust, 27.9% neutral, 18.1% somewhat distrust, 7.1% strongly trust, 3.3% strongly distrust. Social media trust is lower: 32.2% somewhat distrust, 26.7% neutral, 22.0% strongly distrust, 16.9% somewhat trust, 2.3% strongly trust. The aggregated nature of the data prevents establishing a definitive trust hierarchy or calculating mean scores on a 5-point scale. Individual-level comparisons between different trust targets cannot be determined.",,,,
78,0.9601,22.3,Among people who feel,Curiosity shows minimal association with political radicalism. 58.6% of curious respondents support some form of animal voting versus 53.5% of others - only a 5.1 percentage point difference. Curiosity doesn't strongly predict radical political views.,6.30,23,- **Curious respondents:** 613 (57.6% of sample),,,,
79,0.9599,11.4,Among respondents who are,"127 respondents (17.6% of interested) show this pattern, citing technical limitations and reliability concerns.",6.33,18,"Key concerns include AI's inability to understand consciousness, human biases in programming, and technology missing nuance. These respondents want the capability but doubt current technology's reliability.",,,,
80,0.9599,32.4,Do those citing,"Religious justifications are rare (5% of responses) compared to scientific (22%) or personal (31%) reasoning. However, aggregated data prevents linking justification types to governance preferences.",6.33,12,"- **Justification breakdown**: Religious (5%), Scientific (22%), Personal (31%), Practical (56%)",,,,
81,0.9592,32.8,"Do ""It depends"" respondents (Q53) disproportionately favor","Nearly half (47.9%) say ""it depends"" for AI technology use. Found 8 regulation support responses but cannot link ""it depends"" respondents to their regulation preferences due to aggregated data structure.",6.43,7,"- **""It depends"" prevalence**: 47.9% for AI technology appropriateness",,,,
82,0.9591,22.2,Is feeling,"Mixed evidence with very small sample. Unsettled respondents show similar support for professional restrictions (90% vs 88%) but much lower support for open access (50% vs 82%), suggesting selective rather than blanket restriction preferences.",6.43,30,- **Unsettled group:** Only 11 respondents (1.0% of sample) - extremely rare response,,,,
83,0.9591,2.2,"What is the general expectation regarding AI's impact on cost of living (Q23), free time (Q24), community well-being (Q25), job availability (Q26), and sense of purpose (Q27) over the next 10 years?","Respondents show moderate optimism about AI's future impact, with free time showing the highest net optimism (16.0%) and job availability the lowest (6.6%). All areas show positive mean scores, suggesting overall optimism despite variation across domains.",6.44,18,- Free time: 16.0% net optimism (highest),,,,
84,0.9590,1.3,"What percentage of respondents believe humans are superior, inferior, or equal to animals (Q32)? Is there a significant correlation between this belief and a respondent's age (Q2), religious affiliation (Q6), or level of interaction with animals (Q35-Q38)?","Percentage of respondents believing humans are superior, inferior, or equal to animals (Q32 is part of Q94 response) and correlations with demographics",6.45,20,,,,,
85,0.9584,8.4,"Perform a thematic analysis on the open-text answers for the biggest benefit (Q63) and biggest risk (Q64) of understanding animals. What are the top 3 most frequently mentioned benefits and risks? Do the risks focus more on harm to animals (e.g., exploitation) or harm to humans (e.g., societal disruption)?

##","Analysis of 1,019 benefit responses and 1,017 risk responses reveals balanced concern between hopes and fears. Thematic analysis of 100 text responses shows practical considerations dominate (32%), followed by environmental concerns (19%) and philosophical considerations (8%).",6.53,15,"- **Equal distribution** of benefit (1,019) and risk (1,017) responses suggests balanced perspective",,,,
86,0.9565,30.3,Do trust archetypes predict responses to animal representation (Q70–77)?,Relationship between trust patterns and support for animal legal representation,6.79,19,,,,,
87,0.9564,32.6,Who are the respondents who frequently select,"""It depends"" is the dominant response for AI technology use (47.9%), while neutrality varies widely across topics: high for AI trust (29.5%) and animal culture beliefs (18.5%), but low for animal language (3.7%) and emotion (3.2%).",6.80,15,- **Neutrality rates**:,,,,
88,0.9559,1.5,"How does trust in AI chatbots (Q17) compare to trust in other entities like family doctors (Q12), elected representatives (Q14), and social media feeds (Q13)? What is the average trust level for each entity?

##",Comparative trust levels across different entities (Q12-Q17),6.87,23,,,,,
89,0.9559,19.3,How many respondents support an,"How many respondents support an AI-managed ecocentric society (Q76), and are they the same people who are skeptical about AI in daily life (Q5)?",6.87,23,,,,,
90,0.9556,30.6,"Are there religious or cultural groups (Q6, Q7) that show distinct trust profiles, e.g., higher faith leader trust but lower AI trust?",Trust patterns by religious affiliation,6.91,11,,,,,
91,0.9543,26.2,Does a person's foundational view of the human-nature relationship (,Does a person's foundational view of the human-nature relationship (Q31/Q94) act as a master variable that predicts their entire suite of subsequent ethical choices?,7.08,36,,,,,
92,0.9535,18.3,Do people who encounter,"Urban wildlife encounters (47.6%) are common but far less frequent than companion animal encounters (89.8%). Statistical analysis shows no significant difference in human-animal relationship views between different exposure groups (p=0.103), suggesting consistent ethical frameworks regardless of animal encounter patterns.",7.18,22,- **Exposure rates**:,,,,
93,0.9535,30.5,"Do people who distrust both AI (Q17, Q57) and human institutions (Q14, Q16) cluster into a coherent ""generalized distrust"" group, and what are their stances on governance?",Identifying groups with consistently low trust across institutions,7.18,11,,,,,
94,0.9532,32.2,Do those who feel their,"Community optimism is prevalent (54.9% expect improvement), but cannot be linked to support for relational approaches due to missing branch-specific data in Q70. The positive community outlook suggests potential openness to collaborative approaches.",7.22,40,- **Community well-being expectations**:,,,,
95,0.9524,27.1,"Do respondents who believe AI will make their cost of living or job availability ""Worse"" (","Data quality issues prevent full analysis of economic anxiety's impact on animal rights support. Among available data, 45.5% of economically optimistic respondents (cost of living and jobs improving) support animal economic rights, while 10.4% support political representation. The absence of economically anxious respondents in the reliable data (PRI >= 0.3) suggests potential sampling or data collection issues.",7.33,27,Economic outlook distribution:,,,,
96,0.9519,22.1,Do those who,"Analysis suggests correlation between imagination and hopefulness about AI translation, but requires proper analysis of multi-select Q54 responses to determine statistical significance.",7.40,15,- **Often/Sometimes imagine umwelt:** 502 respondents (50.0% of sample),,,,
97,0.9508,23.1,"Are people who frequently care for or live with companion animals (Q35, Q38) more likely to support non-humans being able to earn money or own property (Q91)?","While 89.8% of respondents encounter companion animals weekly and 32.1% report ""always"" caring for animals, no data is available for Q91 (economic rights) preventing analysis of this relationship. The high companion animal exposure rate suggests this would be a critical population for understanding economic rights attitudes.",7.55,20,- **Companion animal exposure**: 89.8% encounter weekly (highest of all animal categories),,,,
98,0.9506,1.2,What is the distribution of views on the relationship between humans and nature (Q31)? How does this distribution vary across different religious groups (Q6) or residential environments (Q4)?,Distribution of views on the relationship between humans and nature (Q31 mapped to Q94) and variation across religious groups and residential environments,7.57,28,,,,,
99,0.9504,30.4,"Are there groups who trust AI chatbots (Q17) but distrust AI translation (Q57), or vice versa? What defines them?",Analyzing disconnect between AI trust (Q17) and support for AI-managed society (Q76),7.59,22,,,,,
100,0.9503,30.7,"Among those who trust AI translators (Q57) more than elected representatives (Q14), are they also more supportive of animals having legal/political representation (Q70, Q77)?

##",Comparing trust in AI vs. government and its relationship to animal rights support,7.61,23,,,,,
101,0.9502,18.1,Do people who regularly interact with,"Only 8.8% of respondents regularly encounter working animals (police dogs, work mules), making this a small specialized group. Statistical analysis shows no significant difference in animal protection preferences between those with and without working animal exposure (p=0.856).",7.62,16,- **Working animal exposure rate**: 8.8% (ranked 5th of 9 animal categories),,,,
102,0.9502,26.1,By clustering responses to questions on equality (,"By clustering responses to questions on equality (Q32/Q94), legal futures (Q70), and economic rights (Q91), can we identify distinct ethical archetypes?",7.62,16,,,,,
103,0.9492,15.4,Do people who feel AI translation would,"Q54 responses don't directly address ""diminishing wonder"" - they show general AI translation feelings. Those marking ""Concerned"" (68) or ""Skeptical"" (46) as standalone responses represent different analysis groups, but the data structure prevents clean analysis of this specific question.",7.75,12,"- **Q54 Distribution:** Most common responses are ""Curious"" (317), ""Hopeful"" (234), combined ""Hopeful, Curious"" (160)",,,,
104,0.9491,30.2,What clusters emerge from trust patterns — e.g.,Identifying distinct trust archetypes through cluster analysis,7.77,30,,,,,
105,0.9490,13.3,How does,How does region (Q7) affect attitudes toward AI-enabled human-wildlife conflict resolution (Q61)? Are certain countries more likely to trust AI than humans?,7.79,28,,,,,
106,0.9487,1.4,"What is the overall public sentiment towards the increased use of AI in daily life (Q5)? How does this sentiment (excited vs. concerned) correlate with daily, weekly, or monthly personal use of AI (Q20)?",Overall public sentiment towards increased use of AI (Q5) and correlation with personal AI usage (Q20),7.83,23,,,,,
107,0.9477,32.5,"In Q59 (concerns about AI in interspecies communication), do skeptical respondents emphasize",Found 100 Q59 concern responses but cannot link risk types to respondent attitudes due to aggregated data structure. Risk themes cannot be correlated with optimism/skepticism levels.,7.96,23,- **Q59 responses found**: 100 concerns about AI communication,,,,
108,0.9474,19.1,"When asked who should represent animals (Q75), is there evidence of","When asked who should represent animals (Q75), is there evidence of regional blocs preferring different representatives?",8.00,12,,,,,
109,0.9461,8.2,"From the explanations in Q58, what are the primary themes for","Limited trust/distrust response data (10 responses) prevents comprehensive thematic analysis. Technical themes appear in 5% of analyzed text responses, suggesting concerns about AI capabilities are present but not dominant in the available data.",8.17,6,"The data structure appears to aggregate trust responses rather than preserve individual explanations, limiting qualitative analysis of trust reasoning. Further investigation would require access to raw response text for Q58 specifically.",,,,
110,0.9449,17.2,Are there demographics where,Cannot determine individual-level comparisons between AI translator and doctor trust due to aggregated data structure. Age-based segment scores show varying trust patterns but individual preferences cannot be calculated.,8.33,12,The aggregated data structure prevents calculating percentages who trust AI more than doctors. Available segment scores show age variations in AI translator trust but cannot be directly compared to doctor trust scores at the individual level. The database contains agreement scores for demographic segments but lacks the individual response linkages needed to determine relative trust preferences or calculate correlation with AI enthusiasm.,,,,
111,0.9445,32.1,Do respondents who predict AI will make,"Cannot establish correlation due to missing data. While economic outlook questions exist (10 responses found), no Q91 (economic agency) data and limited Q73 data prevent analysis of the relationship between economic anxiety and animal rights support.",8.38,8,- **Economic outlook data**: 10 responses found for AI impact on jobs/cost of living,,,,
112,0.9435,27.2,Is there a correlation between optimism about one's,"Community optimism shows limited variation in the data, preventing robust correlation analysis with relational approaches. Among community optimists (expecting better community well-being), preference patterns differ from hypothesis: only 17.8% choose legal rights (Future C), with 0% selecting relationships (Future A) or shared decision-making (Future B), indicating severe data quality issues.",8.52,31,Q25 Community outlook distribution:,,,,
113,0.9426,13.1,Which religions (Q6) most strongly support the view that,"Which religions (Q6) most strongly support the view that humans are equal to animals (Q32/Q94), and how does this relate to their support for legal representation (Q73-74)?",8.63,19,,,,,
114,0.9421,29.5,Does emotional response (Q45) predict policy preferences better than,Advanced statistical analysis of multi-select Q45 emotional data requires proper JSON parsing and machine learning methodology to establish predictive relationships.,8.70,27,Analysis needs to account for overlapping emotional categories in JSON format before statistical comparison can be validated.,,,,
115,0.9419,13.2,Do rural respondents (Q4) with higher daily,Do rural respondents (Q4) with higher daily encounters with farmed animals (Q38) show less support for legal rights (Q70-C) than urban respondents?,8.73,11,,,,,
116,0.9414,30.1,Construct a,Constructing a composite trust index from Q12-Q17 and Q57 to identify overall trust levels,8.80,15,,,,,
117,0.9398,3.2,What is the distribution of responses regarding how much the provided scientific facts about animal cognition (Q43) impacted respondents' perspectives (Q44)?,Unable to determine exact distribution due to limited response data. Only 5 responses recorded for Q44 in the database.,9.00,36,"The limited data suggests varied impact levels from the scientific facts presented about dolphins, parrots, elephants, orangutans, prairie dogs, and humpback whales. Further data collection needed for meaningful analysis.",,,,
118,0.9396,28.3,"Do people who reported being impacted ""A great deal"" by the scientific facts (Q44) also show the largest shifts between Q31/32 and Q93/94?",CANNOT ANALYZE - Requires comparison between initial and final worldview questions; only final questions available.,9.04,28,- Q44 data exists (impact of scientific facts),,,,
119,0.9394,3.3,"Is there a correlation between the frequency of caring for or observing animals (Q35, Q37) and the strength of belief in animal language, emotion, and culture (Q39-Q41)?","Cannot establish correlation due to data structure - responses are aggregated at segment level rather than individual participant level, preventing correlation analysis between individual behaviors and beliefs.",9.06,31,"The current data structure contains segment-level agreement scores rather than individual responses, making it impossible to correlate individual animal encounter frequency with belief strength. Alternative analysis would require access to raw participant-level data.",,,,
120,0.9393,28.7,"Do shifts cluster regionally (Q7), suggesting cultural contexts where minds are more open to persuasion?

##",CANNOT ANALYZE - Regional clustering of opinion shifts requires baseline measurements from Q31/Q32.,9.07,14,"- Regional data exists (India 192, US 165, China 65, Kenya 51, etc.)",,,,
121,0.9392,1.1,"What is the demographic breakdown of the survey respondents based on age (Q2), gender (Q3), location type (Q4), and religious identification (Q6)?","Demographic breakdown of survey respondents based on age (Q2), gender (Q3), location type (Q4), and religious identification (Q6)",9.08,12,,,,,
122,0.9391,19.2,Do people who want,Do people who want strict rules on companies (Q84) also support open public access (Q83)?,9.11,19,,,,,
123,0.9391,28.6,"Is there a generational difference in opinion shifts (Q2), i.e. are younger respondents more ""persuadable"" than older ones?","CANNOT ANALYZE - Age-based persuadability analysis requires measuring actual opinion change, which is impossible without Q31/Q32 baseline.",9.11,19,- Age distribution data exists,,,,
124,0.9386,28.4,"Do specific emotional responses (Q45: ""Connected,"" ""Protective"") predict a higher likelihood of opinion change than others (e.g., ""Skeptical"")?",CANNOT ANALYZE - Opinion change cannot be measured without initial worldview baseline (Q31/Q32).,9.16,31,- Q45 emotional response data exists,,,,
125,0.9386,3.5,"How important do people think it is to understand animal perceptual worlds (Q50)? Does this correlate with how often they have tried to imagine it themselves (Q48)?

##",Data limitations prevent full analysis. Limited responses available for both Q48 (imagination frequency) and Q50 (importance of understanding).,9.17,29,The aggregated data structure and limited response counts prevent correlation analysis between imagination frequency and perceived importance of understanding animal umwelt. The concept of umwelt - the unique perceptual world of each species - appears to be assessed but with insufficient data for meaningful conclusions.,,,,
126,0.9377,8.3,"Analyze the explanations given for the preferred futures in Q70 (branches a, b, c). Do the people who chose Future A (Relationships) tend to use language centered on empathy, dialogue, and mutual understanding? Do those who chose Future C (Legal Rights) use language centered on justice, protection, and autonomy?","Only 3 responses found for future vision preferences, with branch preference data stored as aggregated scores rather than individual choices with explanations. Unable to perform value-based language analysis due to data limitations.",9.29,14,"The database contains branch_a, branch_b, and branch_c columns but these appear to be aggregate agreement scores rather than individual selections with accompanying explanations. This structure prevents linking specific language patterns to branch preferences.",,,,
127,0.9373,5.3,"Of the options provided in Q75, which three roles (e.g., Scientists, Animal protection organizations, AI) are most frequently chosen to represent animals in decision-making bodies?","Data quality issue detected - all representative options show 100% selection, suggesting a data processing error in the unmapped columns. Unable to determine actual preferences from current data structure.",9.33,12,PENDING: Requires investigation of data structure for multi-select questions. The uniform 100% selection rate across all options indicates either a data import issue or that these columns contain different information than expected. Further investigation needed to properly analyze representative preferences.,,,,
128,0.9361,12.3,How many respondents select,No data available for Q75 (animal representative preferences) in the current dataset. Unable to compare preferences for animals themselves versus scientists or NGOs as decision-making representatives.,9.50,22,"The question about who should represent animals in decision-making bodies appears to be missing from the available response data, preventing analysis of representative preferences across regions.",,,,
129,0.9356,28.2,"Among those who shifted, what proportion moved",CANNOT ANALYZE - Requires Q31/Q32 baseline data which is not available in the database.,9.57,23,- Analysis not possible without initial worldview data,,,,
130,0.9349,28.5,Are respondents who actively imagine animal umwelts (Q48) more likely to change their worldview across the survey?,CANNOT ANALYZE - Worldview change measurement requires initial Q31/Q32 data which is missing.,9.65,26,- Q48 umwelt imagination data exists,,,,
131,0.9338,12.4,Are younger respondents (Q2: 18–25) more likely than older respondents (56+) to support animals having,No data available for Q91 (economic agency) in the current dataset. Unable to determine age-based differences in support for animals earning money or owning property.,9.80,15,"The question about animals' economic rights appears to be missing from the available response data, preventing age-based analysis of economic agency support.",,,,
132,0.9338,32.7,Are neutrals more likely to become,No data available for Q93-Q94 (repeated worldview questions) preventing analysis of survey intervention effects on neutral respondents.,9.80,20,- **Missing data**: No Q93-Q94 responses found in database,,,,
133,0.9323,28.1,How many respondents changed their answers between the,"DATA LIMITATION - Initial worldview questions Q31-Q32 are not present in the database. Only final questions Q93-Q94 exist, making it impossible to measure within-survey opinion change.",10.00,8,"- Q93 exists: Contains human-nature relationship views (separate/part of nature, different/similar)",,,,
